{"cameraMode":{"drawMode":0,"name":"Shaded","section":"Shading Mode"},"sceneLighting":false,"audioPlay":false,"sceneViewState":{"m_AlwaysRefresh":false,"showFog":true,"showSkybox":false,"showFlares":true,"showImageEffects":true,"showParticleSystems":true,"showVisualEffectGraphs":true,"m_FxEnabled":true},"in2DMode":false,"pivot":{"x":0.3122764229774475,"y":1.00038743019104,"z":0.04192419722676277},"rotation":{"x":-0.004187338054180145,"y":-0.31733787059783938,"z":0.004369804635643959,"w":-0.9489815831184387},"size":1.5872204303741456,"orthographic":false}