{"cameraMode":{"drawMode":0,"name":"Shaded","section":"Shading Mode"},"sceneLighting":false,"audioPlay":false,"sceneViewState":{"m_AlwaysRefresh":false,"showFog":true,"showSkybox":false,"showFlares":true,"showImageEffects":true,"showParticleSystems":true,"showVisualEffectGraphs":true,"m_FxEnabled":true},"in2DMode":false,"pivot":{"x":-23.950531005859376,"y":2.9504811763763429,"z":-9.006645202636719},"rotation":{"x":-0.05013110488653183,"y":0.6976321339607239,"z":-0.045734912157058719,"w":-0.7142082452774048},"size":16.384565353393556,"orthographic":false}