{"cameraMode":{"drawMode":0,"name":"Shaded","section":"Shading Mode"},"sceneLighting":true,"audioPlay":false,"sceneViewState":{"m_AlwaysRefresh":false,"showFog":true,"showSkybox":true,"showFlares":true,"showImageEffects":true,"showParticleSystems":true,"showVisualEffectGraphs":true,"m_FxEnabled":true},"in2DMode":false,"pivot":{"x":16.76018524169922,"y":1.1259000301361085,"z":-17.788970947265626},"rotation":{"x":0.0027637281455099584,"y":0.9282097816467285,"z":-0.009492835029959679,"w":0.3743419647216797},"size":13.416882514953614,"orthographic":false}