{"cameraMode":{"drawMode":0,"name":"Shaded","section":"Shading Mode"},"sceneLighting":true,"audioPlay":false,"sceneViewState":{"m_AlwaysRefresh":false,"showFog":true,"showSkybox":true,"showFlares":true,"showImageEffects":true,"showParticleSystems":true,"showVisualEffectGraphs":true,"m_FxEnabled":true},"in2DMode":false,"pivot":{"x":32.9814338684082,"y":1.9732627868652344,"z":-2.0281965732574465},"rotation":{"x":-0.00667419983074069,"y":0.0486878901720047,"z":-0.00037019295268692076,"w":0.9993312358856201},"size":0.702716052532196,"orthographic":false}