{"cameraMode":{"drawMode":0,"name":"Shaded","section":"Shading Mode"},"sceneLighting":true,"audioPlay":false,"sceneViewState":{"m_AlwaysRefresh":false,"showFog":true,"showSkybox":true,"showFlares":true,"showImageEffects":true,"showParticleSystems":true,"showVisualEffectGraphs":true,"m_FxEnabled":true},"in2DMode":false,"pivot":{"x":14.951327323913575,"y":-5.356223106384277,"z":-33.50686264038086},"rotation":{"x":-0.03389596939086914,"y":-0.9660968780517578,"z":0.16775186359882356,"w":-0.19800269603729249},"size":13.416882514953614,"orthographic":false}