{"cameraMode":{"drawMode":0,"name":"Shaded","section":"Shading Mode"},"sceneLighting":false,"audioPlay":false,"sceneViewState":{"m_AlwaysRefresh":false,"showFog":false,"showSkybox":false,"showFlares":false,"showImageEffects":false,"showParticleSystems":false,"showVisualEffectGraphs":true,"m_FxEnabled":true},"in2DMode":false,"pivot":{"x":0.060718316584825519,"y":2.2359743118286135,"z":1.384743332862854},"rotation":{"x":-0.06767337769269943,"y":0.05472661554813385,"z":-0.00014944093709345907,"w":-0.9976415634155273},"size":1.936724305152893,"orthographic":false}