{"cameraMode":{"drawMode":0,"name":"Shaded","section":"Shading Mode"},"sceneLighting":false,"audioPlay":false,"sceneViewState":{"m_AlwaysRefresh":false,"showFog":true,"showSkybox":false,"showFlares":true,"showImageEffects":true,"showParticleSystems":true,"showVisualEffectGraphs":true,"m_FxEnabled":true},"in2DMode":false,"pivot":{"x":3.2478809356689455,"y":1.7620280981063843,"z":-8.0960054397583},"rotation":{"x":-0.04772358015179634,"y":0.011419468559324742,"z":-0.0005864676204510033,"w":-0.9989919662475586},"size":1.8076525926589966,"orthographic":false}