{"cameraMode":{"drawMode":0,"name":"Shaded","section":"Shading Mode"},"sceneLighting":false,"audioPlay":false,"sceneViewState":{"m_AlwaysRefresh":false,"showFog":false,"showSkybox":false,"showFlares":false,"showImageEffects":false,"showParticleSystems":false,"showVisualEffectGraphs":true,"m_FxEnabled":true},"in2DMode":false,"pivot":{"x":-0.0019572272431105377,"y":0.044371265918016437,"z":0.004330188035964966},"rotation":{"x":-0.006770601030439138,"y":0.9603679776191711,"z":-0.28354960680007937,"w":-0.0099642900750041},"size":0.04018009454011917,"orthographic":false}